"filename", "language", "JSON with Comments", "HTML", "Markdown", "JSON", "TypeScript", "PostCSS", "comment", "blank", "total"
"c:\TPPROGRA4\GestorDeDepositos\README.md", "Markdown", 0, 0, 36, 0, 0, 0, 0, 24, 60
"c:\TPPROGRA4\GestorDeDepositos\angular.json", "JSON", 0, 0, 0, 92, 0, 0, 0, 1, 93
"c:\TPPROGRA4\GestorDeDepositos\package-lock.json", "JSON", 0, 0, 0, 9707, 0, 0, 0, 1, 9708
"c:\TPPROGRA4\GestorDeDepositos\package.json", "JSON", 0, 0, 0, 48, 0, 0, 0, 1, 49
"c:\TPPROGRA4\GestorDeDepositos\src\app\app.config.ts", "TypeScript", 0, 0, 0, 0, 12, 0, 0, 1, 13
"c:\TPPROGRA4\GestorDeDepositos\src\app\app.css", "PostCSS", 0, 0, 0, 0, 0, 3, 0, 0, 3
"c:\TPPROGRA4\GestorDeDepositos\src\app\app.html", "HTML", 0, 4, 0, 0, 0, 0, 0, 3, 7
"c:\TPPROGRA4\GestorDeDepositos\src\app\app.routes.ts", "TypeScript", 0, 0, 0, 0, 35, 0, 0, 5, 40
"c:\TPPROGRA4\GestorDeDepositos\src\app\app.spec.ts", "TypeScript", 0, 0, 0, 0, 20, 0, 0, 4, 24
"c:\TPPROGRA4\GestorDeDepositos\src\app\app.ts", "TypeScript", 0, 0, 0, 0, 16, 0, 0, 3, 19
"c:\TPPROGRA4\GestorDeDepositos\src\app\core\constants\baseUrl.ts", "TypeScript", 0, 0, 0, 0, 1, 0, 0, 0, 1
"c:\TPPROGRA4\GestorDeDepositos\src\app\core\enums\estados-de-orden.model.ts", "TypeScript", 0, 0, 0, 0, 4, 0, 0, 0, 4
"c:\TPPROGRA4\GestorDeDepositos\src\app\core\guards\auth.guard.ts", "TypeScript", 0, 0, 0, 0, 35, 0, 0, 10, 45
"c:\TPPROGRA4\GestorDeDepositos\src\app\core\guards\role.guard.ts", "TypeScript", 0, 0, 0, 0, 25, 0, 0, 6, 31
"c:\TPPROGRA4\GestorDeDepositos\src\app\core\interceptors\jwt.interceptor.ts", "TypeScript", 0, 0, 0, 0, 65, 0, 0, 18, 83
"c:\TPPROGRA4\GestorDeDepositos\src\app\core\models\Producto\producto.model.ts", "TypeScript", 0, 0, 0, 0, 9, 0, 0, 1, 10
"c:\TPPROGRA4\GestorDeDepositos\src\app\core\models\auth\login-request.model.ts", "TypeScript", 0, 0, 0, 0, 4, 0, 0, 1, 5
"c:\TPPROGRA4\GestorDeDepositos\src\app\core\models\auth\login-response.model.ts", "TypeScript", 0, 0, 0, 0, 5, 0, 0, 1, 6
"c:\TPPROGRA4\GestorDeDepositos\src\app\core\models\cliente\cliente.model.ts", "TypeScript", 0, 0, 0, 0, 6, 0, 0, 1, 7
"c:\TPPROGRA4\GestorDeDepositos\src\app\core\models\inventario\inventario.model.ts", "TypeScript", 0, 0, 0, 0, 14, 0, 0, 1, 15
"c:\TPPROGRA4\GestorDeDepositos\src\app\core\models\movimiento-inventario\movimiento-inventario.module.ts", "TypeScript", 0, 0, 0, 0, 14, 0, 0, 2, 16
"c:\TPPROGRA4\GestorDeDepositos\src\app\core\models\orden-despacho\detalle-despacho.model.ts", "TypeScript", 0, 0, 0, 0, 7, 0, 0, 2, 9
"c:\TPPROGRA4\GestorDeDepositos\src\app\core\models\orden-despacho\orden-despacho.model.ts", "TypeScript", 0, 0, 0, 0, 10, 0, 0, 1, 11
"c:\TPPROGRA4\GestorDeDepositos\src\app\core\models\orden-recepcion\detalle-recepcion.model.ts", "TypeScript", 0, 0, 0, 0, 14, 0, 0, 3, 17
"c:\TPPROGRA4\GestorDeDepositos\src\app\core\models\orden-recepcion\orden-recepcion-cabecera.ts", "TypeScript", 0, 0, 0, 0, 5, 0, 0, 0, 5
"c:\TPPROGRA4\GestorDeDepositos\src\app\core\models\orden-recepcion\orden-recepcion.model.ts", "TypeScript", 0, 0, 0, 0, 9, 0, 0, 1, 10
"c:\TPPROGRA4\GestorDeDepositos\src\app\core\models\proveedor\proveedor.model.ts", "TypeScript", 0, 0, 0, 0, 6, 0, 0, 1, 7
"c:\TPPROGRA4\GestorDeDepositos\src\app\core\models\ubicacion\reporte-ubicacion.model.ts", "TypeScript", 0, 0, 0, 0, 6, 0, 0, 1, 7
"c:\TPPROGRA4\GestorDeDepositos\src\app\core\models\ubicacion\ubicacion.model.ts", "TypeScript", 0, 0, 0, 0, 11, 0, 0, 1, 12
"c:\TPPROGRA4\GestorDeDepositos\src\app\core\models\usuario\usuario.model.ts", "TypeScript", 0, 0, 0, 0, 8, 0, 0, 1, 9
"c:\TPPROGRA4\GestorDeDepositos\src\app\core\models\zona\zona.model.ts", "TypeScript", 0, 0, 0, 0, 5, 0, 0, 1, 6
"c:\TPPROGRA4\GestorDeDepositos\src\app\core\routes\cliente-routes.ts", "TypeScript", 0, 0, 0, 0, 9, 0, 0, 3, 12
"c:\TPPROGRA4\GestorDeDepositos\src\app\core\routes\inventario-routes.ts", "TypeScript", 0, 0, 0, 0, 9, 0, 0, 1, 10
"c:\TPPROGRA4\GestorDeDepositos\src\app\core\routes\ordenDespacho-routes.ts", "TypeScript", 0, 0, 0, 0, 9, 0, 0, 3, 12
"c:\TPPROGRA4\GestorDeDepositos\src\app\core\routes\ordenRecepcion-routes.ts", "TypeScript", 0, 0, 0, 0, 9, 0, 0, 3, 12
"c:\TPPROGRA4\GestorDeDepositos\src\app\core\routes\producto-routes.ts", "TypeScript", 0, 0, 0, 0, 9, 0, 0, 2, 11
"c:\TPPROGRA4\GestorDeDepositos\src\app\core\routes\proveedor-routes.ts", "TypeScript", 0, 0, 0, 0, 9, 0, 0, 3, 12
"c:\TPPROGRA4\GestorDeDepositos\src\app\core\routes\ubicacion-routes.ts", "TypeScript", 0, 0, 0, 0, 9, 0, 0, 3, 12
"c:\TPPROGRA4\GestorDeDepositos\src\app\core\routes\usuario-routes.ts", "TypeScript", 0, 0, 0, 0, 9, 0, 0, 3, 12
"c:\TPPROGRA4\GestorDeDepositos\src\app\core\routes\zona-routes.ts", "TypeScript", 0, 0, 0, 0, 9, 0, 0, 3, 12
"c:\TPPROGRA4\GestorDeDepositos\src\app\core\services\auth.service.ts", "TypeScript", 0, 0, 0, 0, 44, 0, 1, 13, 58
"c:\TPPROGRA4\GestorDeDepositos\src\app\core\services\cliente.service.ts", "TypeScript", 0, 0, 0, 0, 26, 0, 0, 7, 33
"c:\TPPROGRA4\GestorDeDepositos\src\app\core\services\detalle-despacho.service.ts", "TypeScript", 0, 0, 0, 0, 26, 0, 0, 8, 34
"c:\TPPROGRA4\GestorDeDepositos\src\app\core\services\detalle-orden-recepcion.service.ts", "TypeScript", 0, 0, 0, 0, 30, 0, 0, 9, 39
"c:\TPPROGRA4\GestorDeDepositos\src\app\core\services\inventario.service.ts", "TypeScript", 0, 0, 0, 0, 37, 0, 0, 13, 50
"c:\TPPROGRA4\GestorDeDepositos\src\app\core\services\movimientos-inventario.service.ts", "TypeScript", 0, 0, 0, 0, 27, 0, 0, 9, 36
"c:\TPPROGRA4\GestorDeDepositos\src\app\core\services\orden-despacho.service.ts", "TypeScript", 0, 0, 0, 0, 26, 0, 0, 9, 35
"c:\TPPROGRA4\GestorDeDepositos\src\app\core\services\orden-recepcion.service.ts", "TypeScript", 0, 0, 0, 0, 29, 0, 0, 10, 39
"c:\TPPROGRA4\GestorDeDepositos\src\app\core\services\producto.service.ts", "TypeScript", 0, 0, 0, 0, 32, 0, 0, 10, 42
"c:\TPPROGRA4\GestorDeDepositos\src\app\core\services\proveedores.service.ts", "TypeScript", 0, 0, 0, 0, 24, 0, 0, 8, 32
"c:\TPPROGRA4\GestorDeDepositos\src\app\core\services\ubicacion.service.ts", "TypeScript", 0, 0, 0, 0, 32, 0, 0, 9, 41
"c:\TPPROGRA4\GestorDeDepositos\src\app\core\services\usuario.service.ts", "TypeScript", 0, 0, 0, 0, 29, 0, 0, 10, 39
"c:\TPPROGRA4\GestorDeDepositos\src\app\core\services\zona.service.ts", "TypeScript", 0, 0, 0, 0, 28, 0, 0, 9, 37
"c:\TPPROGRA4\GestorDeDepositos\src\app\features\dashboard\dashboard.component.css", "PostCSS", 0, 0, 0, 0, 0, 112, 6, 19, 137
"c:\TPPROGRA4\GestorDeDepositos\src\app\features\dashboard\dashboard.component.html", "HTML", 0, 33, 0, 0, 0, 0, 0, 7, 40
"c:\TPPROGRA4\GestorDeDepositos\src\app\features\dashboard\dashboard.component.ts", "TypeScript", 0, 0, 0, 0, 42, 0, 0, 9, 51
"c:\TPPROGRA4\GestorDeDepositos\src\app\features\gestion-clientes\cliente-form\cliente-form.component.html", "HTML", 0, 27, 0, 0, 0, 0, 0, 7, 34
"c:\TPPROGRA4\GestorDeDepositos\src\app\features\gestion-clientes\cliente-form\cliente-form.component.ts", "TypeScript", 0, 0, 0, 0, 69, 0, 0, 13, 82
"c:\TPPROGRA4\GestorDeDepositos\src\app\features\gestion-clientes\cliente-list\cliente-list.component.html", "HTML", 0, 66, 0, 0, 0, 0, 0, 9, 75
"c:\TPPROGRA4\GestorDeDepositos\src\app\features\gestion-clientes\cliente-list\cliente-list.component.ts", "TypeScript", 0, 0, 0, 0, 91, 0, 0, 15, 106
"c:\TPPROGRA4\GestorDeDepositos\src\app\features\gestion-inventarios\inventario-form\inventario-form.component.html", "HTML", 0, 54, 0, 0, 0, 0, 6, 15, 75
"c:\TPPROGRA4\GestorDeDepositos\src\app\features\gestion-inventarios\inventario-form\inventario-form.component.ts", "TypeScript", 0, 0, 0, 0, 133, 0, 16, 31, 180
"c:\TPPROGRA4\GestorDeDepositos\src\app\features\gestion-inventarios\inventario-list\inventario-list.component.html", "HTML", 0, 72, 0, 0, 0, 0, 0, 12, 84
"c:\TPPROGRA4\GestorDeDepositos\src\app\features\gestion-inventarios\inventario-list\inventario-list.component.ts", "TypeScript", 0, 0, 0, 0, 85, 0, 1, 19, 105
"c:\TPPROGRA4\GestorDeDepositos\src\app\features\gestion-movimientos-inventario\movimientos-form\movimientos-form.css", "PostCSS", 0, 0, 0, 0, 0, 0, 0, 1, 1
"c:\TPPROGRA4\GestorDeDepositos\src\app\features\gestion-movimientos-inventario\movimientos-form\movimientos-form.html", "HTML", 0, 1, 0, 0, 0, 0, 0, 1, 2
"c:\TPPROGRA4\GestorDeDepositos\src\app\features\gestion-movimientos-inventario\movimientos-form\movimientos-form.ts", "TypeScript", 0, 0, 0, 0, 9, 0, 0, 3, 12
"c:\TPPROGRA4\GestorDeDepositos\src\app\features\gestion-movimientos-inventario\movimientos-list\movimientos-list.css", "PostCSS", 0, 0, 0, 0, 0, 0, 0, 1, 1
"c:\TPPROGRA4\GestorDeDepositos\src\app\features\gestion-movimientos-inventario\movimientos-list\movimientos-list.html", "HTML", 0, 1, 0, 0, 0, 0, 0, 1, 2
"c:\TPPROGRA4\GestorDeDepositos\src\app\features\gestion-movimientos-inventario\movimientos-list\movimientos-list.ts", "TypeScript", 0, 0, 0, 0, 27, 0, 0, 6, 33
"c:\TPPROGRA4\GestorDeDepositos\src\app\features\gestion-ordenes-despacho\orden-despacho-form\gestion-ordenes-despacho-form.component.html", "HTML", 0, 58, 0, 0, 0, 0, 0, 13, 71
"c:\TPPROGRA4\GestorDeDepositos\src\app\features\gestion-ordenes-despacho\orden-despacho-form\gestion-ordenes-despacho-form.component.ts", "TypeScript", 0, 0, 0, 0, 222, 0, 0, 26, 248
"c:\TPPROGRA4\GestorDeDepositos\src\app\features\gestion-ordenes-despacho\orden-despacho-list\gestion-ordenes-despacho-list.component.html", "HTML", 0, 75, 0, 0, 0, 0, 0, 12, 87
"c:\TPPROGRA4\GestorDeDepositos\src\app\features\gestion-ordenes-despacho\orden-despacho-list\gestion-ordenes-despacho-list.component.ts", "TypeScript", 0, 0, 0, 0, 88, 0, 0, 19, 107
"c:\TPPROGRA4\GestorDeDepositos\src\app\features\gestion-ordenes-recepcion\orden-recepcion-form\orden-recepcion-form.component.css", "PostCSS", 0, 0, 0, 0, 0, 204, 8, 39, 251
"c:\TPPROGRA4\GestorDeDepositos\src\app\features\gestion-ordenes-recepcion\orden-recepcion-form\orden-recepcion-form.component.html", "HTML", 0, 201, 0, 0, 0, 0, 1, 24, 226
"c:\TPPROGRA4\GestorDeDepositos\src\app\features\gestion-ordenes-recepcion\orden-recepcion-form\orden-recepcion-form.component.ts", "TypeScript", 0, 0, 0, 0, 293, 0, 14, 44, 351
"c:\TPPROGRA4\GestorDeDepositos\src\app\features\gestion-ordenes-recepcion\orden-recepcion-list\orden-recepcion-list.component.css", "PostCSS", 0, 0, 0, 0, 0, 0, 0, 1, 1
"c:\TPPROGRA4\GestorDeDepositos\src\app\features\gestion-ordenes-recepcion\orden-recepcion-list\orden-recepcion-list.component.html", "HTML", 0, 70, 0, 0, 0, 0, 0, 10, 80
"c:\TPPROGRA4\GestorDeDepositos\src\app\features\gestion-ordenes-recepcion\orden-recepcion-list\orden-recepcion-list.component.ts", "TypeScript", 0, 0, 0, 0, 92, 0, 0, 19, 111
"c:\TPPROGRA4\GestorDeDepositos\src\app\features\gestion-productos\producto-form\producto-form.component.html", "HTML", 0, 37, 0, 0, 0, 0, 0, 8, 45
"c:\TPPROGRA4\GestorDeDepositos\src\app\features\gestion-productos\producto-form\producto-form.component.ts", "TypeScript", 0, 0, 0, 0, 64, 0, 0, 12, 76
"c:\TPPROGRA4\GestorDeDepositos\src\app\features\gestion-productos\producto-list\producto-list.component.html", "HTML", 0, 87, 0, 0, 0, 0, 0, 12, 99
"c:\TPPROGRA4\GestorDeDepositos\src\app\features\gestion-productos\producto-list\producto-list.component.ts", "TypeScript", 0, 0, 0, 0, 123, 0, 0, 21, 144
"c:\TPPROGRA4\GestorDeDepositos\src\app\features\gestion-proveedores\proveedores-form\proveedores-form.component.html", "HTML", 0, 30, 0, 0, 0, 0, 0, 7, 37
"c:\TPPROGRA4\GestorDeDepositos\src\app\features\gestion-proveedores\proveedores-form\proveedores-form.component.ts", "TypeScript", 0, 0, 0, 0, 66, 0, 0, 14, 80
"c:\TPPROGRA4\GestorDeDepositos\src\app\features\gestion-proveedores\proveedores-list\proveedores-list.component.html", "HTML", 0, 59, 0, 0, 0, 0, 0, 9, 68
"c:\TPPROGRA4\GestorDeDepositos\src\app\features\gestion-proveedores\proveedores-list\proveedores-list.component.ts", "TypeScript", 0, 0, 0, 0, 92, 0, 0, 15, 107
"c:\TPPROGRA4\GestorDeDepositos\src\app\features\gestion-ubicaciones\ubicacion-form\ubicacion-form.component.html", "HTML", 0, 44, 0, 0, 0, 0, 0, 6, 50
"c:\TPPROGRA4\GestorDeDepositos\src\app\features\gestion-ubicaciones\ubicacion-form\ubicacion-form.component.ts", "TypeScript", 0, 0, 0, 0, 121, 0, 0, 16, 137
"c:\TPPROGRA4\GestorDeDepositos\src\app\features\gestion-ubicaciones\ubicacion-list\ubicacion-list.component.html", "HTML", 0, 87, 0, 0, 0, 0, 0, 11, 98
"c:\TPPROGRA4\GestorDeDepositos\src\app\features\gestion-ubicaciones\ubicacion-list\ubicacion-list.component.ts", "TypeScript", 0, 0, 0, 0, 95, 0, 0, 14, 109
"c:\TPPROGRA4\GestorDeDepositos\src\app\features\gestion-usuarios\usuario-form\usuario-form.component.html", "HTML", 0, 43, 0, 0, 0, 0, 0, 9, 52
"c:\TPPROGRA4\GestorDeDepositos\src\app\features\gestion-usuarios\usuario-form\usuario-form.component.ts", "TypeScript", 0, 0, 0, 0, 71, 0, 0, 13, 84
"c:\TPPROGRA4\GestorDeDepositos\src\app\features\gestion-usuarios\usuario-list\usuario-list.component.html", "HTML", 0, 77, 0, 0, 0, 0, 0, 10, 87
"c:\TPPROGRA4\GestorDeDepositos\src\app\features\gestion-usuarios\usuario-list\usuario-list.component.ts", "TypeScript", 0, 0, 0, 0, 100, 0, 0, 17, 117
"c:\TPPROGRA4\GestorDeDepositos\src\app\features\gestion-zonas\zona-form\zona-form.component.html", "HTML", 0, 20, 0, 0, 0, 0, 0, 6, 26
"c:\TPPROGRA4\GestorDeDepositos\src\app\features\gestion-zonas\zona-form\zona-form.component.ts", "TypeScript", 0, 0, 0, 0, 62, 0, 1, 13, 76
"c:\TPPROGRA4\GestorDeDepositos\src\app\features\gestion-zonas\zona-list\zona-list.component.html", "HTML", 0, 57, 0, 0, 0, 0, 0, 9, 66
"c:\TPPROGRA4\GestorDeDepositos\src\app\features\gestion-zonas\zona-list\zona-list.component.ts", "TypeScript", 0, 0, 0, 0, 82, 0, 0, 13, 95
"c:\TPPROGRA4\GestorDeDepositos\src\app\features\login\login.component.css", "PostCSS", 0, 0, 0, 0, 0, 55, 0, 9, 64
"c:\TPPROGRA4\GestorDeDepositos\src\app\features\login\login.component.html", "HTML", 0, 13, 0, 0, 0, 0, 0, 5, 18
"c:\TPPROGRA4\GestorDeDepositos\src\app\features\login\login.component.ts", "TypeScript", 0, 0, 0, 0, 40, 0, 0, 8, 48
"c:\TPPROGRA4\GestorDeDepositos\src\app\shared\components\modal\modal-host.component.ts", "TypeScript", 0, 0, 0, 0, 36, 0, 0, 4, 40
"c:\TPPROGRA4\GestorDeDepositos\src\app\shared\components\modal\modal.component.css", "PostCSS", 0, 0, 0, 0, 0, 242, 0, 41, 283
"c:\TPPROGRA4\GestorDeDepositos\src\app\shared\components\modal\modal.component.ts", "TypeScript", 0, 0, 0, 0, 64, 0, 0, 4, 68
"c:\TPPROGRA4\GestorDeDepositos\src\app\shared\services\modal.service.ts", "TypeScript", 0, 0, 0, 0, 56, 0, 0, 9, 65
"c:\TPPROGRA4\GestorDeDepositos\src\index.html", "HTML", 0, 13, 0, 0, 0, 0, 0, 1, 14
"c:\TPPROGRA4\GestorDeDepositos\src\main.ts", "TypeScript", 0, 0, 0, 0, 6, 0, 0, 2, 8
"c:\TPPROGRA4\GestorDeDepositos\src\styles.css", "PostCSS", 0, 0, 0, 0, 0, 218, 28, 51, 297
"c:\TPPROGRA4\GestorDeDepositos\tsconfig.app.json", "JSON", 0, 0, 0, 13, 0, 0, 2, 1, 16
"c:\TPPROGRA4\GestorDeDepositos\tsconfig.json", "JSON with Comments", 32, 0, 0, 0, 0, 0, 2, 1, 35
"c:\TPPROGRA4\GestorDeDepositos\tsconfig.spec.json", "JSON", 0, 0, 0, 12, 0, 0, 2, 1, 15
"Total", "-", 32, 1229, 36, 9872, 3046, 834, 88, 992, 16129